Code,Country,INDICATOR,SUBJECT,MEASURE,FREQUENCY,TIME,Value,Flag Codes,GDP_Growth,Passangers,Pass_change
AUS,Australia,EDUTRY,25_34,PC_AGE,A,1998,28.1396,,#N/A,30185700,NA
AUS,Australia,EDUTRY,25_34,PC_AGE,A,1999,28.9816,,5.0181,31579700,0.046180807
AUS,Australia,EDUTRY,25_34,PC_AGE,A,2000,31.3725,,3.9432,32577569,0.031598432
AUS,Australia,EDUTRY,25_34,PC_AGE,A,2001,33.5119,,1.9331,33477398,0.027621122
AUS,Australia,EDUTRY,25_34,PC_AGE,A,2002,35.7973,,4.0030,39021581,0.165609735
AUS,Australia,EDUTRY,25_34,PC_AGE,A,2003,36.3228,,2.9857,41386432,0.06060367
AUS,Australia,EDUTRY,25_34,PC_AGE,A,2004,36.1682,,4.0011,41596552,0.005077026
AUS,Australia,EDUTRY,25_34,PC_AGE,A,2005,38.0983,,3.1903,44657324,0.073582349
AUS,Australia,EDUTRY,25_34,PC_AGE,A,2006,38.8041,,2.8342,46951775,0.051379053
AUS,Australia,EDUTRY,25_34,PC_AGE,A,2007,40.7289,,3.7773,48728837,0.037848665
AUS,Australia,EDUTRY,25_34,PC_AGE,A,2008,41.9968,,3.6578,51488427,0.056631559
AUS,Australia,EDUTRY,25_34,PC_AGE,A,2009,44.7785,,1.9227,50026967,-0.028384243
AUS,Australia,EDUTRY,25_34,PC_AGE,A,2010,44.3748,,2.0529,60640913,0.212164491
AUS,Australia,EDUTRY,25_34,PC_AGE,A,2011,44.6155,,2.4511,63360310.34,0.044844268
AUS,Australia,EDUTRY,25_34,PC_AGE,A,2012,47.2311,,3.8919,66355274,0.047268766
AUS,Australia,EDUTRY,25_34,PC_AGE,A,2013,45.7452,,2.6395,68197955,0.027769925
AUS,Australia,EDUTRY,25_34,PC_AGE,A,2014,48.1314,,2.5583,68123237.67,-0.001095595
AUS,Australia,EDUTRY,25_34,PC_AGE,A,2015,48.4663,,2.3511,69779346,0.024310476
AUS,Australia,EDUTRY,25_34,PC_AGE,A,2016,49.3052,,2.8273,72446421,0.038221553
AUS,Australia,EDUTRY,25_34,PC_AGE,A,2017,51.9891,,1.9576,74257326,0.024996473
AUT,Austria,EDUTRY,25_34,PC_AGE,A,2004,30.4734,,2.7351,7619372,NA
AUT,Austria,EDUTRY,25_34,PC_AGE,A,2005,30.5710,,2.2441,8037890,0.054928149
AUT,Austria,EDUTRY,25_34,PC_AGE,A,2006,31.5188,,3.4540,8785116,0.092962954
AUT,Austria,EDUTRY,25_34,PC_AGE,A,2007,31.0659,,3.7274,9140909,0.040499522
AUT,Austria,EDUTRY,25_34,PC_AGE,A,2008,32.6807,,1.4604,9140680,-2.50522E-05
AUT,Austria,EDUTRY,25_34,PC_AGE,A,2009,33.4087,,-3.7646,8520740,-0.067822088
AUT,Austria,EDUTRY,25_34,PC_AGE,A,2010,33.8638,,1.8371,13493793,0.583640975
AUT,Austria,EDUTRY,25_34,PC_AGE,A,2011,34.8084,,2.9228,14088251.66,0.04405423
AUT,Austria,EDUTRY,25_34,PC_AGE,A,2012,36.1278,,0.6804,14518841.05,0.030563721
AUT,Austria,EDUTRY,25_34,PC_AGE,A,2013,38.6661,,0.0255,15037454,0.035719996
AUT,Austria,EDUTRY,25_34,PC_AGE,A,2014,38.4031,,0.8287,15210489,0.011506935
AUT,Austria,EDUTRY,25_34,PC_AGE,A,2015,38.6268,,1.0919,14718641,-0.032336107
AUT,Austria,EDUTRY,25_34,PC_AGE,A,2016,39.6710,,1.4509,14724774,0.000416682
AUT,Austria,EDUTRY,25_34,PC_AGE,A,2017,40.3247,,3.0353,16171640,0.098260659
BEL,Belgium,EDUTRY,25_34,PC_AGE,A,2000,36.0206,,3.6337,10738119,NA
BEL,Belgium,EDUTRY,25_34,PC_AGE,A,2001,37.5061,,0.8115,8489007,-0.209451208
BEL,Belgium,EDUTRY,25_34,PC_AGE,A,2002,37.6440,,1.7805,2341816,-0.724135461
BEL,Belgium,EDUTRY,25_34,PC_AGE,A,2003,38.9102,,0.7746,2904114,0.240111947
BEL,Belgium,EDUTRY,25_34,PC_AGE,A,2004,40.7303,,3.6347,3264582,0.124123227
BEL,Belgium,EDUTRY,25_34,PC_AGE,A,2005,40.6059,,2.0943,3340509,0.023257801
BEL,Belgium,EDUTRY,25_34,PC_AGE,A,2006,41.8634,,2.5061,3641155,0.090000057
BEL,Belgium,EDUTRY,25_34,PC_AGE,A,2007,41.3390,,3.4490,4078094,0.12000011
BEL,Belgium,EDUTRY,25_34,PC_AGE,A,2008,42.2714,,0.7832,5878585,0.441503065
BEL,Belgium,EDUTRY,25_34,PC_AGE,A,2009,42.4843,,-2.2532,4858700,-0.17349158
BEL,Belgium,EDUTRY,25_34,PC_AGE,A,2010,43.8012,,2.7442,7528586.304,0.549506309
BEL,Belgium,EDUTRY,25_34,PC_AGE,A,2011,42.4557,,1.7983,8638553.1,0.147433628
BEL,Belgium,EDUTRY,25_34,PC_AGE,A,2012,42.9899,,0.2348,9508165.315,0.10066642
BEL,Belgium,EDUTRY,25_34,PC_AGE,A,2013,42.6631,,0.2007,9521421,0.001394137
BEL,Belgium,EDUTRY,25_34,PC_AGE,A,2014,44.2391,,1.2933,10535219,0.106475494
BEL,Belgium,EDUTRY,25_34,PC_AGE,A,2015,43.1443,,1.4270,11473055,0.089019127
BEL,Belgium,EDUTRY,25_34,PC_AGE,A,2016,44.3111,,1.4123,12545322,0.093459589
BEL,Belgium,EDUTRY,25_34,PC_AGE,A,2017,45.7251,,1.7298,13676844,0.090194736
CAN,Canada,EDUTRY,25_34,PC_AGE,A,1998,45.5558,,#N/A,24653300,NA
CAN,Canada,EDUTRY,25_34,PC_AGE,A,1999,46.9888,,5.1632,24602000,-0.002080857
CAN,Canada,EDUTRY,25_34,PC_AGE,A,2000,48.4001,,5.1827,41767974,0.697747094
CAN,Canada,EDUTRY,25_34,PC_AGE,A,2001,50.8567,,1.7708,40451914,-0.03150883
CAN,Canada,EDUTRY,25_34,PC_AGE,A,2002,51.6290,,3.0100,23323029,-0.423438184
CAN,Canada,EDUTRY,25_34,PC_AGE,A,2003,53.1793,,1.8023,35884417,0.538583046
CAN,Canada,EDUTRY,25_34,PC_AGE,A,2004,53.1971,,3.0860,40701307,0.134233475
CAN,Canada,EDUTRY,25_34,PC_AGE,A,2005,53.6949,,3.2014,45229860,0.111263085
CAN,Canada,EDUTRY,25_34,PC_AGE,A,2006,54.6226,,2.6234,46726978,0.033100213
CAN,Canada,EDUTRY,25_34,PC_AGE,A,2007,55.6747,,2.0628,52103547,0.115063486
CAN,Canada,EDUTRY,25_34,PC_AGE,A,2008,55.6193,,1.0004,53718757,0.031000001
CAN,Canada,EDUTRY,25_34,PC_AGE,A,2009,55.7805,,-2.9496,52583516,-0.021133047
CAN,Canada,EDUTRY,25_34,PC_AGE,A,2010,56.1698,,3.0835,63277409.38,0.203369691
CAN,Canada,EDUTRY,25_34,PC_AGE,A,2011,56.4013,,3.1412,66078011.95,0.044259122
CAN,Canada,EDUTRY,25_34,PC_AGE,A,2012,57.0568,,1.7455,70467400.79,0.066427374
CAN,Canada,EDUTRY,25_34,PC_AGE,A,2013,57.6034,,2.4750,71526725.92,0.015032839
CAN,Canada,EDUTRY,25_34,PC_AGE,A,2014,57.7253,,2.8557,75528607,0.055949451
CAN,Canada,EDUTRY,25_34,PC_AGE,A,2015,59.1828,,1.0009,80228302,0.062224039
CAN,Canada,EDUTRY,25_34,PC_AGE,A,2016,60.5826,,1.4141,85406425,0.064542348
CAN,Canada,EDUTRY,25_34,PC_AGE,A,2017,60.9168,,3.0474,91404001,0.070223944
CZE,Czech Republic,EDUTRY,25_34,PC_AGE,A,1998,10.4558,,#N/A,1600800,NA
CZE,Czech Republic,EDUTRY,25_34,PC_AGE,A,1999,10.9410,,1.4328,1852600,0.157296352
CZE,Czech Republic,EDUTRY,25_34,PC_AGE,A,2000,11.1991,,4.2667,2229216,0.203290511
CZE,Czech Republic,EDUTRY,25_34,PC_AGE,A,2001,11.2772,,2.9088,2565808,0.1509912
CZE,Czech Republic,EDUTRY,25_34,PC_AGE,A,2002,12.2670,,1.6525,2808793,0.094701162
CZE,Czech Republic,EDUTRY,25_34,PC_AGE,A,2003,12.0512,,3.6030,3391474,0.207448894
CZE,Czech Republic,EDUTRY,25_34,PC_AGE,A,2004,12.9785,,4.9066,4219478,0.244142812
CZE,Czech Republic,EDUTRY,25_34,PC_AGE,A,2005,14.2313,,6.5335,4706226,0.115357397
CZE,Czech Republic,EDUTRY,25_34,PC_AGE,A,2006,15.2464,,6.8535,4921600,0.045763633
CZE,Czech Republic,EDUTRY,25_34,PC_AGE,A,2007,15.4724,,5.6026,4869586,-0.010568514
CZE,Czech Republic,EDUTRY,25_34,PC_AGE,A,2008,17.6748,,2.6823,4974879,0.021622577
CZE,Czech Republic,EDUTRY,25_34,PC_AGE,A,2009,20.2401,,-4.8026,5048360,0.014770409
CZE,Czech Republic,EDUTRY,25_34,PC_AGE,A,2010,22.6304,,2.2734,5145187,0.019179892
CZE,Czech Republic,EDUTRY,25_34,PC_AGE,A,2011,25.1247,,1.7778,4902816,-0.047106354
CZE,Czech Republic,EDUTRY,25_34,PC_AGE,A,2012,27.8324,,-0.7998,3594882,-0.266771994
CZE,Czech Republic,EDUTRY,25_34,PC_AGE,A,2013,29.1950,,-0.4837,5186676,0.442794506
CZE,Czech Republic,EDUTRY,25_34,PC_AGE,A,2014,29.8874,,2.7151,5009995,-0.034064399
CZE,Czech Republic,EDUTRY,25_34,PC_AGE,A,2015,31.0103,,5.3092,3378028,-0.325742241
CZE,Czech Republic,EDUTRY,25_34,PC_AGE,A,2016,32.5645,,2.5933,4048658,0.19852707
CZE,Czech Republic,EDUTRY,25_34,PC_AGE,A,2017,33.8210,,4.2891,5450671,0.346290796
DNK,Denmark,EDUTRY,25_34,PC_AGE,A,1998,26.8483,,#N/A,5946600,NA
DNK,Denmark,EDUTRY,25_34,PC_AGE,A,1999,28.6308,,2.9480,5767700,-0.030084418
DNK,Denmark,EDUTRY,25_34,PC_AGE,A,2000,29.2955,,3.7469,5922623,0.026860447
DNK,Denmark,EDUTRY,25_34,PC_AGE,A,2001,31.0661,,0.8232,6382092,0.077578634
DNK,Denmark,EDUTRY,25_34,PC_AGE,A,2002,32.3599,,0.4663,6322432,-0.009348032
DNK,Denmark,EDUTRY,25_34,PC_AGE,A,2003,35.0097,,0.3901,5886037,-0.069023281
DNK,Denmark,EDUTRY,25_34,PC_AGE,A,2004,37.5931,,2.6682,6428701,0.092195139
DNK,Denmark,EDUTRY,25_34,PC_AGE,A,2005,39.8318,,2.3367,0,-1
DNK,Denmark,EDUTRY,25_34,PC_AGE,A,2006,40.8081,,3.9130,0,#DIV/0!
DNK,Denmark,EDUTRY,25_34,PC_AGE,A,2007,36.1852,,0.9093,0,#DIV/0!
DNK,Denmark,EDUTRY,25_34,PC_AGE,A,2008,36.3571,,-0.5120,0,#DIV/0!
DNK,Denmark,EDUTRY,25_34,PC_AGE,A,2009,37.6106,,-4.9065,0,#DIV/0!
DNK,Denmark,EDUTRY,25_34,PC_AGE,A,2010,37.5821,,1.8710,0,#DIV/0!
DNK,Denmark,EDUTRY,25_34,PC_AGE,A,2011,38.5801,,1.3368,0,#DIV/0!
DNK,Denmark,EDUTRY,25_34,PC_AGE,A,2012,40.2440,,0.2265,0,#DIV/0!
DNK,Denmark,EDUTRY,25_34,PC_AGE,A,2013,41.2413,,0.9334,0,#DIV/0!
DNK,Denmark,EDUTRY,25_34,PC_AGE,A,2014,42.1306,,1.6194,0,#DIV/0!
DNK,Denmark,EDUTRY,25_34,PC_AGE,A,2015,44.4751,,1.6066,0,#DIV/0!
DNK,Denmark,EDUTRY,25_34,PC_AGE,A,2016,45.8820,,1.9641,0,#DIV/0!
DNK,Denmark,EDUTRY,25_34,PC_AGE,A,2017,46.5703,,2.2401,0,#DIV/0!
FIN,Finland,EDUTRY,25_34,PC_AGE,A,2000,38.6716,,5.6349,6828143,NA
FIN,Finland,EDUTRY,25_34,PC_AGE,A,2003,37.9346,,1.9940,6183906,-0.09435025
FIN,Finland,EDUTRY,25_34,PC_AGE,A,2004,38.1725,,3.9261,7049416,0.139961701
FIN,Finland,EDUTRY,25_34,PC_AGE,A,2005,37.5417,,2.7800,7075195,0.003656899
FIN,Finland,EDUTRY,25_34,PC_AGE,A,2006,38.4514,,4.0552,7597125,0.073768992
FIN,Finland,EDUTRY,25_34,PC_AGE,A,2007,39.2972,,5.1848,8288683,0.091028909
FIN,Finland,EDUTRY,25_34,PC_AGE,A,2008,38.2891,,0.7207,7916485,-0.044904359
FIN,Finland,EDUTRY,25_34,PC_AGE,A,2009,39.3881,,-8.2690,7423265,-0.062302903
FIN,Finland,EDUTRY,25_34,PC_AGE,A,2010,39.2070,,2.9923,8685772.868,0.170074471
FIN,Finland,EDUTRY,25_34,PC_AGE,A,2011,39.3773,,2.5708,9508050,0.094669426
FIN,Finland,EDUTRY,25_34,PC_AGE,A,2012,39.7497,,-1.4262,10731828.49,0.128709724
FIN,Finland,EDUTRY,25_34,PC_AGE,A,2013,39.9928,,-0.7580,10467321,-0.024647011
FIN,Finland,EDUTRY,25_34,PC_AGE,A,2014,40.3082,,-0.6317,10992792,0.050201097
FIN,Finland,EDUTRY,25_34,PC_AGE,A,2015,40.5249,,0.1351,13035848,0.185854149
FIN,Finland,EDUTRY,25_34,PC_AGE,A,2016,41.1337,,2.1354,13754228,0.055108037
FIN,Finland,EDUTRY,25_34,PC_AGE,A,2017,41.2536,,2.6343,14831371,0.078313592
FRA,France,EDUTRY,25_34,PC_AGE,A,1998,29.6447,,#N/A,42232400,NA
FRA,France,EDUTRY,25_34,PC_AGE,A,1999,30.9377,,3.4071,49536300,0.172945416
FRA,France,EDUTRY,25_34,PC_AGE,A,2000,31.3757,,3.8752,52581312,0.061470316
FRA,France,EDUTRY,25_34,PC_AGE,A,2001,34.2325,,1.9545,50476541,-0.040028879
FRA,France,EDUTRY,25_34,PC_AGE,A,2002,36.0533,,1.1185,49305864,-0.023192496
FRA,France,EDUTRY,25_34,PC_AGE,A,2003,37.8552,,0.8195,47258820,-0.041517252
FRA,France,EDUTRY,25_34,PC_AGE,A,2004,38.2203,,2.7864,48543473,0.027183349
FRA,France,EDUTRY,25_34,PC_AGE,A,2005,39.7762,,1.6077,52477178,0.081034684
FRA,France,EDUTRY,25_34,PC_AGE,A,2006,41.4161,,2.3750,59537872,0.134547898
FRA,France,EDUTRY,25_34,PC_AGE,A,2007,41.4443,,2.3615,61551258,0.033816896
FRA,France,EDUTRY,25_34,PC_AGE,A,2008,40.8253,,0.1953,61214656,-0.005468645
FRA,France,EDUTRY,25_34,PC_AGE,A,2009,43.1499,,-2.9413,58318312,-0.047314552
FRA,France,EDUTRY,25_34,PC_AGE,A,2010,42.8718,,1.9657,60864422.11,0.043658844
FRA,France,EDUTRY,25_34,PC_AGE,A,2011,42.9883,,2.0792,64185339.34,0.054562536
FRA,France,EDUTRY,25_34,PC_AGE,A,2012,42.9100,,0.1827,64683769.02,0.007765476
FRA,France,EDUTRY,25_34,PC_AGE,A,2013,44.0557,,0.5762,63925151,-0.011728105
FRA,France,EDUTRY,25_34,PC_AGE,A,2014,44.7263,,0.9476,63434263,-0.007679106
FRA,France,EDUTRY,25_34,PC_AGE,A,2015,44.6876,,1.0675,65039503,0.025305567
FRA,France,EDUTRY,25_34,PC_AGE,A,2016,44.0370,,1.1877,65362743,0.004969903
FRA,France,EDUTRY,25_34,PC_AGE,A,2017,44.3443,,1.8194,68316473,0.045189811
DEU,Germany,EDUTRY,25_34,PC_AGE,A,1998,21.5455,,#N/A,49279800,NA
DEU,Germany,EDUTRY,25_34,PC_AGE,A,1999,21.5283,,1.9871,54652800,0.109030475
DEU,Germany,EDUTRY,25_34,PC_AGE,A,2000,22.2510,,2.9621,57962865,0.060565332
DEU,Germany,EDUTRY,25_34,PC_AGE,A,2001,21.7795,,1.6955,56389365,-0.027146691
DEU,Germany,EDUTRY,25_34,PC_AGE,A,2002,21.7396,,0.0000,61889678,0.097541673
DEU,Germany,EDUTRY,25_34,PC_AGE,A,2003,21.7997,,-0.7099,72693124,0.174559738
DEU,Germany,EDUTRY,25_34,PC_AGE,A,2004,22.9428,,1.1700,82099657,0.129400588
DEU,Germany,EDUTRY,25_34,PC_AGE,A,2005,22.4946,,0.7067,90788848,0.105837117
DEU,Germany,EDUTRY,25_34,PC_AGE,A,2006,21.9840,,3.7002,99647314,0.097572182
DEU,Germany,EDUTRY,25_34,PC_AGE,A,2007,22.6218,,3.2605,106101747,0.064772775
DEU,Germany,EDUTRY,25_34,PC_AGE,A,2008,23.9169,,1.0823,107941584,0.017340308
DEU,Germany,EDUTRY,25_34,PC_AGE,A,2009,25.6553,,-5.6189,103396735,-0.042104709
DEU,Germany,EDUTRY,25_34,PC_AGE,A,2010,26.1340,,4.0799,97330734.28,-0.058667237
DEU,Germany,EDUTRY,25_34,PC_AGE,A,2011,27.6714,,3.6600,107042775.8,0.099783913
DEU,Germany,EDUTRY,25_34,PC_AGE,A,2012,28.9563,,0.4920,105978474.5,-0.009942766
DEU,Germany,EDUTRY,25_34,PC_AGE,A,2013,29.9953,,0.4896,109062321.5,0.029098805
DEU,Germany,EDUTRY,25_34,PC_AGE,A,2014,28.4228,,1.9297,112353098.6,0.030173364
DEU,Germany,EDUTRY,25_34,PC_AGE,A,2015,29.5887,,1.7432,117222850,0.043343276
DEU,Germany,EDUTRY,25_34,PC_AGE,A,2016,30.5276,,1.9436,116713587,-0.0043444
DEU,Germany,EDUTRY,25_34,PC_AGE,A,2017,31.3087,,2.2228,116847033,0.001143363
GRC,Greece,EDUTRY,25_34,PC_AGE,A,1998,24.0001,,#N/A,6403400,NA
GRC,Greece,EDUTRY,25_34,PC_AGE,A,1999,23.9486,,3.0726,6590700,0.029250086
GRC,Greece,EDUTRY,25_34,PC_AGE,A,2000,23.9219,,3.9198,7937434,0.204338538
GRC,Greece,EDUTRY,25_34,PC_AGE,A,2001,23.4804,,4.1316,8430333,0.062098028
GRC,Greece,EDUTRY,25_34,PC_AGE,A,2002,23.7060,,3.9229,7579225,-0.100957815
GRC,Greece,EDUTRY,25_34,PC_AGE,A,2003,23.7321,,5.7945,7518932,-0.007955035
GRC,Greece,EDUTRY,25_34,PC_AGE,A,2004,25.4936,,5.0610,9276954,0.233812728
GRC,Greece,EDUTRY,25_34,PC_AGE,A,2005,25.6638,,0.5991,9452219,0.018892516
GRC,Greece,EDUTRY,25_34,PC_AGE,A,2006,27.0226,,5.6524,9481314,0.003078113
GRC,Greece,EDUTRY,25_34,PC_AGE,A,2007,28.0665,,3.2738,10206223,0.076456597
GRC,Greece,EDUTRY,25_34,PC_AGE,A,2008,28.4547,,-0.3352,9442743,-0.074805342
GRC,Greece,EDUTRY,25_34,PC_AGE,A,2009,29.5994,,-4.3007,8795133,-0.068582826
GRC,Greece,EDUTRY,25_34,PC_AGE,A,2010,31.1600,,-5.4790,10352657.53,0.177089366
GRC,Greece,EDUTRY,25_34,PC_AGE,A,2011,32.7369,,-9.1325,9569211.419,-0.075675845
GRC,Greece,EDUTRY,25_34,PC_AGE,A,2012,34.9770,,-7.3005,8785275.456,-0.081922734
GRC,Greece,EDUTRY,25_34,PC_AGE,A,2013,37.1690,,-3.2414,8761116,-0.002749994
GRC,Greece,EDUTRY,25_34,PC_AGE,A,2014,38.6669,,0.7398,11152236,0.272924134
GRC,Greece,EDUTRY,25_34,PC_AGE,A,2015,40.0639,,-0.2909,11237054,0.00760547
GRC,Greece,EDUTRY,25_34,PC_AGE,A,2016,40.9792,,-0.2443,12689082,0.129217854
GRC,Greece,EDUTRY,25_34,PC_AGE,A,2017,42.4800,,1.3513,13861828,0.092421658
HUN,Hungary,EDUTRY,25_34,PC_AGE,A,1998,13.9424,,#N/A,1749200,NA
HUN,Hungary,EDUTRY,25_34,PC_AGE,A,1999,13.7187,,3.1869,1943500,0.111079351
HUN,Hungary,EDUTRY,25_34,PC_AGE,A,2000,14.6931,,4.2092,2197521,0.130702856
HUN,Hungary,EDUTRY,25_34,PC_AGE,A,2001,14.7802,,3.8405,2023385,-0.079242019
HUN,Hungary,EDUTRY,25_34,PC_AGE,A,2002,14.9870,,4.5282,2098760,0.037251932
HUN,Hungary,EDUTRY,25_34,PC_AGE,A,2003,16.7867,,3.8486,2260849,0.077230841
HUN,Hungary,EDUTRY,25_34,PC_AGE,A,2004,18.8817,,5.0049,2546234,0.126229129
HUN,Hungary,EDUTRY,25_34,PC_AGE,A,2005,19.5730,,4.3882,2735214,0.074219416
HUN,Hungary,EDUTRY,25_34,PC_AGE,A,2006,20.7177,,3.8512,2591666,-0.052481451
HUN,Hungary,EDUTRY,25_34,PC_AGE,A,2007,21.9896,,0.4348,3133574,0.209096388
HUN,Hungary,EDUTRY,25_34,PC_AGE,A,2008,23.9607,,0.8555,3111575,-0.007020418
HUN,Hungary,EDUTRY,25_34,PC_AGE,A,2009,25.0688,,-6.6000,2952885,-0.050999896
HUN,Hungary,EDUTRY,25_34,PC_AGE,A,2010,26.0195,,0.6824,12477063.18,3.225380662
HUN,Hungary,EDUTRY,25_34,PC_AGE,A,2011,28.1077,,1.6619,13729553.53,0.100383427
HUN,Hungary,EDUTRY,25_34,PC_AGE,A,2012,30.4309,,-1.6438,12289555.08,-0.104883123
HUN,Hungary,EDUTRY,25_34,PC_AGE,A,2013,30.8764,,2.0962,13926540,0.133201317
HUN,Hungary,EDUTRY,25_34,PC_AGE,A,2014,32.1091,,4.2277,16482060,0.183499994
HUN,Hungary,EDUTRY,25_34,PC_AGE,A,2015,32.1264,,3.3672,20043787,0.216097199
HUN,Hungary,EDUTRY,25_34,PC_AGE,A,2016,30.4002,,2.2132,21399963,0.067660667
HUN,Hungary,EDUTRY,25_34,PC_AGE,A,2017,30.1623,,3.9887,26066294,0.218053227
ISL,Iceland,EDUTRY,25_34,PC_AGE,A,2003,30.1569,,2.3567,1133775,NA
ISL,Iceland,EDUTRY,25_34,PC_AGE,A,2004,31.5923,,8.0743,1332811,0.175551587
ISL,Iceland,EDUTRY,25_34,PC_AGE,A,2005,34.5256,,6.3905,1528929,0.147146145
ISL,Iceland,EDUTRY,25_34,PC_AGE,A,2006,33.3545,,5.0172,1536157,0.004727492
ISL,Iceland,EDUTRY,25_34,PC_AGE,A,2007,32.8481,,9.4283,1720496,0.120000104
ISL,Iceland,EDUTRY,25_34,PC_AGE,A,2008,33.4881,,1.6589,1423422,-0.172667649
ISL,Iceland,EDUTRY,25_34,PC_AGE,A,2009,35.6749,,-6.5053,1364651,-0.041288529
ISL,Iceland,EDUTRY,25_34,PC_AGE,A,2010,36.2212,,-3.6056,1851416.842,0.356696212
ISL,Iceland,EDUTRY,25_34,PC_AGE,A,2011,39.3995,,1.9630,2150527,0.161557436
ISL,Iceland,EDUTRY,25_34,PC_AGE,A,2012,38.3004,,1.3193,2400160,0.116079919
ISL,Iceland,EDUTRY,25_34,PC_AGE,A,2013,39.8426,,4.3081,2602714,0.084391874
ISL,Iceland,EDUTRY,25_34,PC_AGE,A,2014,40.5881,,2.2004,3035882.779,0.16642965
ISL,Iceland,EDUTRY,25_34,PC_AGE,A,2015,40.0527,,4.3113,4134980,0.362035461
ISL,Iceland,EDUTRY,25_34,PC_AGE,A,2016,43.2710,,7.4815,5710834,0.381103173
ISL,Iceland,EDUTRY,25_34,PC_AGE,A,2017,47.4193,,3.6422,7242611,0.268222995
IRL,Ireland,EDUTRY,25_34,PC_AGE,A,2000,29.8036,,9.5599,13983022,NA
IRL,Ireland,EDUTRY,25_34,PC_AGE,A,2001,33.4064,,5.8036,15450847,0.104971944
IRL,Ireland,EDUTRY,25_34,PC_AGE,A,2002,35.2139,,6.3093,19728801,0.276875048
IRL,Ireland,EDUTRY,25_34,PC_AGE,A,2003,37.0624,,3.1195,28863657,0.463021346
IRL,Ireland,EDUTRY,25_34,PC_AGE,A,2004,39.6339,,6.6812,34748853,0.203896409
IRL,Ireland,EDUTRY,25_34,PC_AGE,A,2005,40.6739,,6.0064,42872544,0.233782997
IRL,Ireland,EDUTRY,25_34,PC_AGE,A,2006,42.4628,,5.5217,50737809,0.183456923
IRL,Ireland,EDUTRY,25_34,PC_AGE,A,2007,44.0872,,5.2087,60099058,0.184502429
IRL,Ireland,EDUTRY,25_34,PC_AGE,A,2008,45.0647,,-3.9359,69447262,0.155546598
IRL,Ireland,EDUTRY,25_34,PC_AGE,A,2009,47.5304,,-4.6268,77747207,0.119514359
IRL,Ireland,EDUTRY,25_34,PC_AGE,A,2010,48.3250,,1.8017,84784226,0.090511534
IRL,Ireland,EDUTRY,25_34,PC_AGE,A,2011,47.4293,,2.9849,89956333.51,0.061003181
IRL,Ireland,EDUTRY,25_34,PC_AGE,A,2012,49.2050,,0.0372,92637189.19,0.029801745
IRL,Ireland,EDUTRY,25_34,PC_AGE,A,2013,51.0736,,1.6389,93408036,0.008321138
IRL,Ireland,EDUTRY,25_34,PC_AGE,A,2014,50.7683,,8.3284,98449140,0.053968633
IRL,Ireland,EDUTRY,25_34,PC_AGE,A,2015,52.0042,,25.5573,115928738,0.177549525
IRL,Ireland,EDUTRY,25_34,PC_AGE,A,2017,53.4735,,7.8024,153537551,0.324413201
ITA,Italy,EDUTRY,25_34,PC_AGE,A,1998,8.9525,,#N/A,27462700,NA
ITA,Italy,EDUTRY,25_34,PC_AGE,A,1999,9.9974,,1.5599,28281000,0.029796779
ITA,Italy,EDUTRY,25_34,PC_AGE,A,2000,10.4290,,3.7101,30418137,0.075567943
ITA,Italy,EDUTRY,25_34,PC_AGE,A,2001,11.7550,,1.7722,31031074,0.020150379
ITA,Italy,EDUTRY,25_34,PC_AGE,A,2002,12.4612,,0.2486,28244627,-0.089795377
ITA,Italy,EDUTRY,25_34,PC_AGE,A,2003,12.6959,,0.1513,36345771,0.286820711
ITA,Italy,EDUTRY,25_34,PC_AGE,A,2004,14.7928,,1.5819,35922093,-0.011656872
ITA,Italy,EDUTRY,25_34,PC_AGE,A,2005,16.1050,,0.9497,36115764,0.005391417
ITA,Italy,EDUTRY,25_34,PC_AGE,A,2006,17.2836,,2.0066,36709131,0.016429585
ITA,Italy,EDUTRY,25_34,PC_AGE,A,2007,18.8635,,1.4739,37830745,0.030554087
ITA,Italy,EDUTRY,25_34,PC_AGE,A,2008,19.9048,,-1.0504,30672048,-0.189229607
ITA,Italy,EDUTRY,25_34,PC_AGE,A,2009,20.1607,,-5.4821,33194501,0.082239471
ITA,Italy,EDUTRY,25_34,PC_AGE,A,2010,20.7197,,1.6865,32645164,-0.016549036
ITA,Italy,EDUTRY,25_34,PC_AGE,A,2011,20.9834,,0.5766,33923370.51,0.039154544
ITA,Italy,EDUTRY,25_34,PC_AGE,A,2012,22.2507,,-2.8190,31072962.16,-0.084024916
ITA,Italy,EDUTRY,25_34,PC_AGE,A,2013,22.7449,,-1.7282,27846220,-0.103844047
ITA,Italy,EDUTRY,25_34,PC_AGE,A,2014,24.1589,,0.1137,27193939,-0.0234244
ITA,Italy,EDUTRY,25_34,PC_AGE,A,2015,25.1500,,0.9520,28603919,0.051849054
ITA,Italy,EDUTRY,25_34,PC_AGE,A,2016,25.5841,,0.8583,29120041,0.018043751
ITA,Italy,EDUTRY,25_34,PC_AGE,A,2017,26.8165,,1.5023,27836417,-0.044080432
JPN,Japan,EDUTRY,25_34,PC_AGE,A,1998,46.0630,,#N/A,101701200,NA
JPN,Japan,EDUTRY,25_34,PC_AGE,A,1999,45.7692,,-0.2520,105994496,0.042214802
JPN,Japan,EDUTRY,25_34,PC_AGE,A,2000,47.8448,,2.7796,109123312,0.029518665
JPN,Japan,EDUTRY,25_34,PC_AGE,A,2001,48.5255,,0.4063,107823469,-0.011911689
JPN,Japan,EDUTRY,25_34,PC_AGE,A,2002,50.9930,,0.1180,109037841,0.011262594
JPN,Japan,EDUTRY,25_34,PC_AGE,A,2003,51.6460,,1.5282,103988547,-0.046307722
JPN,Japan,EDUTRY,25_34,PC_AGE,A,2004,52.6402,,2.2047,101740600,-0.021617256
JPN,Japan,EDUTRY,25_34,PC_AGE,A,2005,53.1856,,1.6627,102279015,0.005292037
JPN,Japan,EDUTRY,25_34,PC_AGE,A,2006,54.0741,,1.4200,102845319,0.005536854
JPN,Japan,EDUTRY,25_34,PC_AGE,A,2007,53.6960,,1.6542,99842338,-0.029199005
JPN,Japan,EDUTRY,25_34,PC_AGE,A,2008,55.0610,,-1.0935,97022471,-0.028243199
JPN,Japan,EDUTRY,25_34,PC_AGE,A,2009,55.6675,,-5.4164,86896527,-0.104366998
JPN,Japan,EDUTRY,25_34,PC_AGE,A,2010,56.7057,,4.1917,109617021,0.261466076
JPN,Japan,EDUTRY,25_34,PC_AGE,A,2011,58.7213,,-0.1154,89788818,-0.180886169
JPN,Japan,EDUTRY,25_34,PC_AGE,A,2012,58.5549,,1.4951,98907859,0.101560987
JPN,Japan,EDUTRY,25_34,PC_AGE,A,2013,58.3685,,2.0003,107573000,0.087608215
JPN,Japan,EDUTRY,25_34,PC_AGE,A,2014,58.5859,,0.3747,110547000,0.027646342
JPN,Japan,EDUTRY,25_34,PC_AGE,A,2015,59.6465,,1.3538,114128000,0.032393462
JPN,Japan,EDUTRY,25_34,PC_AGE,A,2016,60.1204,,0.9382,117708000,0.031368288
JPN,Japan,EDUTRY,25_34,PC_AGE,A,2017,60.4262,,1.7126,123898000,0.05258776
KOR,Republic of Korea,EDUTRY,25_34,PC_AGE,A,1998,33.8315,,#N/A,27109000,NA
KOR,Republic of Korea,EDUTRY,25_34,PC_AGE,A,1999,34.8371,,11.3086,30870200,0.138743591
KOR,Republic of Korea,EDUTRY,25_34,PC_AGE,A,2000,36.8124,,8.9244,34331368,0.112120038
KOR,Republic of Korea,EDUTRY,25_34,PC_AGE,A,2001,38.9555,,4.5253,33710340,-0.01808923
KOR,Republic of Korea,EDUTRY,25_34,PC_AGE,A,2002,41.0173,,7.4324,34831814,0.033267953
KOR,Republic of Korea,EDUTRY,25_34,PC_AGE,A,2003,46.5142,,2.9332,33372577,-0.041893799
KOR,Republic of Korea,EDUTRY,25_34,PC_AGE,A,2004,49.0562,,4.8998,34511494,0.034127332
KOR,Republic of Korea,EDUTRY,25_34,PC_AGE,A,2005,50.8581,,3.9237,33888328,-0.018056767
KOR,Republic of Korea,EDUTRY,25_34,PC_AGE,A,2006,52.9539,,5.1762,34842655,0.028160935
KOR,Republic of Korea,EDUTRY,25_34,PC_AGE,A,2007,55.4904,,5.4634,36655313,0.052024107
KOR,Republic of Korea,EDUTRY,25_34,PC_AGE,A,2008,57.8424,,2.8292,36077655,-0.015759189
KOR,Republic of Korea,EDUTRY,25_34,PC_AGE,A,2009,60.5760,,0.7075,34168590,-0.05291544
KOR,Republic of Korea,EDUTRY,25_34,PC_AGE,A,2010,61.4490,,6.4968,36987982,0.082514145
KOR,Republic of Korea,EDUTRY,25_34,PC_AGE,A,2011,63.7345,,3.6817,39911749.59,0.079046421
KOR,Republic of Korea,EDUTRY,25_34,PC_AGE,A,2012,65.6033,,2.2924,39969577.02,0.001448882
KOR,Republic of Korea,EDUTRY,25_34,PC_AGE,A,2013,67.0886,,2.8962,54530105,0.36429027
KOR,Republic of Korea,EDUTRY,25_34,PC_AGE,A,2014,67.6659,,3.3415,58289180,0.068935774
KOR,Republic of Korea,EDUTRY,25_34,PC_AGE,A,2015,68.8619,,2.7902,66093149,0.133883664
KOR,Republic of Korea,EDUTRY,25_34,PC_AGE,A,2016,69.8516,,2.9293,76859538,0.162897201
KOR,Republic of Korea,EDUTRY,25_34,PC_AGE,A,2017,69.7521,,3.0628,84045163,0.093490349
LUX,Luxembourg,EDUTRY,25_34,PC_AGE,A,2000,22.8846,,8.2398,870831,NA
LUX,Luxembourg,EDUTRY,25_34,PC_AGE,A,2005,37.0130,,3.1724,851136,-0.022616329
LUX,Luxembourg,EDUTRY,25_34,PC_AGE,A,2006,33.4896,,5.1785,927738,0.089999718
LUX,Luxembourg,EDUTRY,25_34,PC_AGE,A,2007,35.7489,,8.3546,1039067,0.120000474
LUX,Luxembourg,EDUTRY,25_34,PC_AGE,A,2008,38.7280,,-1.2796,1059848,0.019999673
LUX,Luxembourg,EDUTRY,25_34,PC_AGE,A,2009,44.4632,,-4.3586,681482,-0.357000249
LUX,Luxembourg,EDUTRY,25_34,PC_AGE,A,2010,44.2284,,4.8650,786920,0.154718687
LUX,Luxembourg,EDUTRY,25_34,PC_AGE,A,2011,46.6462,,2.5392,785200,-0.002185737
LUX,Luxembourg,EDUTRY,25_34,PC_AGE,A,2012,49.8823,,-0.3525,781146,-0.005163016
LUX,Luxembourg,EDUTRY,25_34,PC_AGE,A,2013,48.1314,,3.6544,1555788,0.991673772
LUX,Luxembourg,EDUTRY,25_34,PC_AGE,A,2014,52.9281,,5.7719,1710624,0.099522557
LUX,Luxembourg,EDUTRY,25_34,PC_AGE,A,2015,49.9459,,2.8617,1830972,0.070353275
LUX,Luxembourg,EDUTRY,25_34,PC_AGE,A,2016,51.4316,,3.0826,1845726,0.008058015
LUX,Luxembourg,EDUTRY,25_34,PC_AGE,A,2017,51.3956,,2.2979,1901012,0.029953525
MEX,Mexico,EDUTRY,25_34,PC_AGE,A,1998,16.6573,,#N/A,17717400,NA
MEX,Mexico,EDUTRY,25_34,PC_AGE,A,1999,16.2830,,2.7536,20561100,0.160503234
MEX,Mexico,EDUTRY,25_34,PC_AGE,A,2000,17.4548,,4.9425,20894205,0.016200738
MEX,Mexico,EDUTRY,25_34,PC_AGE,A,2001,18.0906,,-0.4044,20172824,-0.03452541
MEX,Mexico,EDUTRY,25_34,PC_AGE,A,2002,18.5580,,-0.0398,19618662,-0.02747072
MEX,Mexico,EDUTRY,25_34,PC_AGE,A,2003,18.8995,,1.4464,20661206,0.053140423
MEX,Mexico,EDUTRY,25_34,PC_AGE,A,2004,19.4679,,3.9206,21167881,0.024523012
MEX,Mexico,EDUTRY,25_34,PC_AGE,A,2005,14.9245,,2.3078,21857658,0.03258602
MEX,Mexico,EDUTRY,25_34,PC_AGE,A,2006,15.6529,,4.4951,21243010,-0.028120488
MEX,Mexico,EDUTRY,25_34,PC_AGE,A,2007,16.2875,,2.2915,20952513,-0.013674945
MEX,Mexico,EDUTRY,25_34,PC_AGE,A,2008,16.3841,,1.1436,18825976,-0.101493172
MEX,Mexico,EDUTRY,25_34,PC_AGE,A,2009,17.2449,,-5.2857,15728171,-0.164549503
MEX,Mexico,EDUTRY,25_34,PC_AGE,A,2010,17.7004,,5.1181,31269061,0.98809264
MEX,Mexico,EDUTRY,25_34,PC_AGE,A,2011,18.7924,,3.6630,29538937,-0.055330219
MEX,Mexico,EDUTRY,25_34,PC_AGE,A,2012,20.0291,,3.6423,32909408.72,0.114102675
MEX,Mexico,EDUTRY,25_34,PC_AGE,A,2013,20.8569,,1.3541,35986501.82,0.093501926
MEX,Mexico,EDUTRY,25_34,PC_AGE,A,2014,20.3122,,2.8453,39570522,0.099593459
MEX,Mexico,EDUTRY,25_34,PC_AGE,A,2015,20.8066,,3.2705,46966763,0.186912899
MEX,Mexico,EDUTRY,25_34,PC_AGE,A,2016,21.7914,,2.9133,53313307,0.13512841
MEX,Mexico,EDUTRY,25_34,PC_AGE,A,2017,22.5557,,2.0366,58536878,0.097978747
NLD,Netherlands,EDUTRY,25_34,PC_AGE,A,1998,27.4932,,#N/A,18675500,NA
NLD,Netherlands,EDUTRY,25_34,PC_AGE,A,2000,26.5708,,4.2388,20898713,0.119044363
NLD,Netherlands,EDUTRY,25_34,PC_AGE,A,2001,26.5442,,2.1243,20072980,-0.039511189
NLD,Netherlands,EDUTRY,25_34,PC_AGE,A,2002,28.2615,,0.1036,22931166,0.14238972
NLD,Netherlands,EDUTRY,25_34,PC_AGE,A,2003,32.1080,,0.2839,23454932,0.022840792
NLD,Netherlands,EDUTRY,25_34,PC_AGE,A,2004,34.4812,,2.0307,25595676,0.091270527
NLD,Netherlands,EDUTRY,25_34,PC_AGE,A,2005,35.3756,,2.1604,26132696,0.020980888
NLD,Netherlands,EDUTRY,25_34,PC_AGE,A,2006,35.9574,,3.5186,27454451,0.050578593
NLD,Netherlands,EDUTRY,25_34,PC_AGE,A,2007,36.6964,,3.6985,28857440,0.051102424
NLD,Netherlands,EDUTRY,25_34,PC_AGE,A,2008,39.7663,,1.6991,29601230,0.025774636
NLD,Netherlands,EDUTRY,25_34,PC_AGE,A,2009,40.1220,,-3.7676,29108547,-0.016644004
NLD,Netherlands,EDUTRY,25_34,PC_AGE,A,2010,40.8037,,1.4027,26979676.63,-0.073135577
NLD,Netherlands,EDUTRY,25_34,PC_AGE,A,2011,39.7849,,1.6636,29959476.4,0.110446089
NLD,Netherlands,EDUTRY,25_34,PC_AGE,A,2012,43.0362,,-1.0570,31672223.98,0.057168809
NLD,Netherlands,EDUTRY,25_34,PC_AGE,A,2013,42.8636,,-0.1903,33455251,0.056296237
NLD,Netherlands,EDUTRY,25_34,PC_AGE,A,2014,44.2873,,1.4197,33956338,0.014977828
NLD,Netherlands,EDUTRY,25_34,PC_AGE,A,2015,45.0873,,2.2608,35687843,0.050992101
NLD,Netherlands,EDUTRY,25_34,PC_AGE,A,2016,45.2234,,2.2099,40078714,0.123035483
NLD,Netherlands,EDUTRY,25_34,PC_AGE,A,2017,46.5944,,3.1622,42770628,0.067165678
NZL,New Zealand,EDUTRY,25_34,PC_AGE,A,2014,40.4022,,3.5450,13618712,NA
NZL,New Zealand,EDUTRY,25_34,PC_AGE,A,2015,39.0668,,4.4343,14385078,0.056273016
NZL,New Zealand,EDUTRY,25_34,PC_AGE,A,2016,43.3962,,3.4715,15300409,0.06363059
NZL,New Zealand,EDUTRY,25_34,PC_AGE,A,2017,44.1586,,3.0287,16271523,0.063469807
NOR,Norway,EDUTRY,25_34,PC_AGE,A,2005,40.9030,,2.6247,0,NA
NOR,Norway,EDUTRY,25_34,PC_AGE,A,2006,41.5452,,2.3951,0,#DIV/0!
NOR,Norway,EDUTRY,25_34,PC_AGE,A,2007,42.6511,,2.9851,0,#DIV/0!
NOR,Norway,EDUTRY,25_34,PC_AGE,A,2008,45.5787,,0.4808,0,#DIV/0!
NOR,Norway,EDUTRY,25_34,PC_AGE,A,2009,46.8298,,-1.6910,0,#DIV/0!
NOR,Norway,EDUTRY,25_34,PC_AGE,A,2010,47.2550,,0.6917,0,#DIV/0!
NOR,Norway,EDUTRY,25_34,PC_AGE,A,2011,46.8071,,0.9719,0,#DIV/0!
NOR,Norway,EDUTRY,25_34,PC_AGE,A,2012,45.0185,,2.7216,0,#DIV/0!
NOR,Norway,EDUTRY,25_34,PC_AGE,A,2013,46.6487,,1.0444,0,#DIV/0!
NOR,Norway,EDUTRY,25_34,PC_AGE,A,2014,49.0082,,1.9751,0,#DIV/0!
NOR,Norway,EDUTRY,25_34,PC_AGE,A,2015,48.1387,,1.9701,0,#DIV/0!
NOR,Norway,EDUTRY,25_34,PC_AGE,A,2016,48.6146,,1.0915,0,#DIV/0!
NOR,Norway,EDUTRY,25_34,PC_AGE,A,2017,48.3370,,1.9188,0,#DIV/0!
POL,Poland,EDUTRY,25_34,PC_AGE,A,1998,11.8402,,#N/A,2212500,NA
POL,Poland,EDUTRY,25_34,PC_AGE,A,1999,12.3231,,4.6422,2140700,-0.032451977
POL,Poland,EDUTRY,25_34,PC_AGE,A,2000,14.1843,,4.5596,2340919,0.093529687
POL,Poland,EDUTRY,25_34,PC_AGE,A,2001,15.1970,,1.2480,2670283,0.140698589
POL,Poland,EDUTRY,25_34,PC_AGE,A,2002,16.7659,,2.0416,2845919,0.065774302
POL,Poland,EDUTRY,25_34,PC_AGE,A,2003,20.4214,,3.5625,3252222,0.142766888
POL,Poland,EDUTRY,25_34,PC_AGE,A,2004,23.1803,,5.1357,3493094,0.074063825
POL,Poland,EDUTRY,25_34,PC_AGE,A,2005,25.5362,,3.4937,3553680,0.017344509
POL,Poland,EDUTRY,25_34,PC_AGE,A,2006,28.0394,,6.1796,3625982,0.02034567
POL,Poland,EDUTRY,25_34,PC_AGE,A,2007,30.0476,,7.0348,4269655,0.177516877
POL,Poland,EDUTRY,25_34,PC_AGE,A,2008,32.1332,,4.2497,4634676,0.085491919
POL,Poland,EDUTRY,25_34,PC_AGE,A,2009,35.4498,,2.8203,4279072,-0.076726831
POL,Poland,EDUTRY,25_34,PC_AGE,A,2010,37.1270,,3.6069,4099082,-0.042062858
POL,Poland,EDUTRY,25_34,PC_AGE,A,2011,38.9982,,5.0172,4448727.06,0.085298381
POL,Poland,EDUTRY,25_34,PC_AGE,A,2012,40.7989,,1.6079,4909100.392,0.103484283
POL,Poland,EDUTRY,25_34,PC_AGE,A,2013,41.8215,,1.3919,5002975.749,0.019122721
POL,Poland,EDUTRY,25_34,PC_AGE,A,2014,42.6015,,3.2832,5038745.426,0.00714968
POL,Poland,EDUTRY,25_34,PC_AGE,A,2015,43.1938,,3.8446,4448883,-0.117065336
POL,Poland,EDUTRY,25_34,PC_AGE,A,2016,43.4783,,2.8643,5497163,0.235627685
POL,Poland,EDUTRY,25_34,PC_AGE,A,2017,43.5263,,4.5504,7376934,0.341952931
PRT,Portugal,EDUTRY,25_34,PC_AGE,A,1998,11.5142,,#N/A,7023100,NA
PRT,Portugal,EDUTRY,25_34,PC_AGE,A,1999,12.2657,,3.8882,7339300,0.045022853
PRT,Portugal,EDUTRY,25_34,PC_AGE,A,2000,12.9489,,3.7875,6721365,-0.084195359
PRT,Portugal,EDUTRY,25_34,PC_AGE,A,2001,14.2054,,1.9433,6650492,-0.010544436
PRT,Portugal,EDUTRY,25_34,PC_AGE,A,2002,15.3758,,0.7688,6795580,0.02181613
PRT,Portugal,EDUTRY,25_34,PC_AGE,A,2003,16.8656,,-0.9342,7590259,0.11694057
PRT,Portugal,EDUTRY,25_34,PC_AGE,A,2004,18.5804,,1.8116,9052471,0.192643229
PRT,Portugal,EDUTRY,25_34,PC_AGE,A,2005,19.1143,,0.7668,10139655,0.120098037
PRT,Portugal,EDUTRY,25_34,PC_AGE,A,2006,20.0435,,1.5531,9440930,-0.068910136
PRT,Portugal,EDUTRY,25_34,PC_AGE,A,2007,21.4154,,2.4920,10320040,0.093116886
PRT,Portugal,EDUTRY,25_34,PC_AGE,A,2008,23.1737,,0.1993,11171020,0.082458983
PRT,Portugal,EDUTRY,25_34,PC_AGE,A,2009,23.3414,,-2.9781,9903771,-0.11344076
PRT,Portugal,EDUTRY,25_34,PC_AGE,A,2010,24.8049,,1.8987,10428173.51,0.052949782
PRT,Portugal,EDUTRY,25_34,PC_AGE,A,2011,26.9242,,-1.8269,11014639,0.056238562
PRT,Portugal,EDUTRY,25_34,PC_AGE,A,2012,28.3316,,-4.0283,11338080,0.029364648
PRT,Portugal,EDUTRY,25_34,PC_AGE,A,2013,29.3135,,-1.1302,11860998,0.046120507
PRT,Portugal,EDUTRY,25_34,PC_AGE,A,2014,31.4399,,0.8932,12635439,0.065293072
PRT,Portugal,EDUTRY,25_34,PC_AGE,A,2015,33.1396,,1.8221,12706909,0.005656313
PRT,Portugal,EDUTRY,25_34,PC_AGE,A,2016,34.9642,,1.6194,13105120,0.031338148
PRT,Portugal,EDUTRY,25_34,PC_AGE,A,2017,34.0313,,2.6798,15943356,0.216574591
SVK,Slovakia,EDUTRY,25_34,PC_AGE,A,1998,11.2575,,#N/A,107300,NA
SVK,Slovakia,EDUTRY,25_34,PC_AGE,A,1999,11.1197,,-0.2051,110600,0.030754893
SVK,Slovakia,EDUTRY,25_34,PC_AGE,A,2000,11.1971,,1.2102,57095,-0.483770344
SVK,Slovakia,EDUTRY,25_34,PC_AGE,A,2001,11.8627,,3.3165,43113,-0.244890095
SVK,Slovakia,EDUTRY,25_34,PC_AGE,A,2002,11.8876,,4.5228,82821,0.921021502
SVK,Slovakia,EDUTRY,25_34,PC_AGE,A,2003,13.2176,,5.4187,190182,1.296301663
SVK,Slovakia,EDUTRY,25_34,PC_AGE,A,2004,14.2767,,5.2588,636276,2.345616304
SVK,Slovakia,EDUTRY,25_34,PC_AGE,A,2005,16.2549,,6.7510,711939,0.118915376
SVK,Slovakia,EDUTRY,25_34,PC_AGE,A,2006,16.6391,,8.4529,779759,0.09526097
SVK,Slovakia,EDUTRY,25_34,PC_AGE,A,2007,17.4708,,10.7996,2679227,2.435968036
SVK,Slovakia,EDUTRY,25_34,PC_AGE,A,2008,18.4386,,5.6298,2690428,0.004180683
SVK,Slovakia,EDUTRY,25_34,PC_AGE,A,2009,20.5872,,-5.4225,3440816,0.27891027
SVK,Slovakia,EDUTRY,25_34,PC_AGE,A,2010,24.0294,,5.0417,74856,-0.978244695
SVK,Slovakia,EDUTRY,25_34,PC_AGE,A,2011,25.5052,,2.8191,34859,-0.534319226
SVK,Slovakia,EDUTRY,25_34,PC_AGE,A,2012,26.9769,,1.6572,45111,0.294099085
SVK,Slovakia,EDUTRY,25_34,PC_AGE,A,2013,29.6746,,1.4907,64008,0.418900047
SVK,Slovakia,EDUTRY,25_34,PC_AGE,A,2014,29.8261,,2.7503,29031.5983,-0.546437972
SVK,Slovakia,EDUTRY,25_34,PC_AGE,A,2015,31.3130,,3.8501,11098,-0.617726868
SVK,Slovakia,EDUTRY,25_34,PC_AGE,A,2016,33.3723,,3.3247,12928,0.164894576
SVK,Slovakia,EDUTRY,25_34,PC_AGE,A,2017,35.0650,,3.4002,7925,-0.38698948
ESP,Spain,EDUTRY,25_34,PC_AGE,A,1998,31.1827,,#N/A,31594100,NA
ESP,Spain,EDUTRY,25_34,PC_AGE,A,1999,32.3820,,4.4848,33559400,0.062204652
ESP,Spain,EDUTRY,25_34,PC_AGE,A,2000,33.9783,,5.2891,39711776,0.18332795
ESP,Spain,EDUTRY,25_34,PC_AGE,A,2001,35.4276,,4.0011,41469789,0.044269312
ESP,Spain,EDUTRY,25_34,PC_AGE,A,2002,37.4845,,2.8799,40380629,-0.026263939
ESP,Spain,EDUTRY,25_34,PC_AGE,A,2003,37.9021,,3.1876,42506835,0.052654108
ESP,Spain,EDUTRY,25_34,PC_AGE,A,2004,38.9980,,3.1668,45539952,0.071355983
ESP,Spain,EDUTRY,25_34,PC_AGE,A,2005,40.7035,,3.7230,49855007,0.094753174
ESP,Spain,EDUTRY,25_34,PC_AGE,A,2006,40.3267,,4.1741,53122464,0.065539194
ESP,Spain,EDUTRY,25_34,PC_AGE,A,2007,40.0252,,3.7690,60664991,0.141983757
ESP,Spain,EDUTRY,25_34,PC_AGE,A,2008,40.0474,,1.1177,55213716,-0.089858663
ESP,Spain,EDUTRY,25_34,PC_AGE,A,2009,39.4587,,-3.5738,49289158,-0.107302287
ESP,Spain,EDUTRY,25_34,PC_AGE,A,2010,40.3123,,0.0141,52847712.61,0.072197513
ESP,Spain,EDUTRY,25_34,PC_AGE,A,2011,40.3115,,-0.9988,52736140.93,-0.002111192
ESP,Spain,EDUTRY,25_34,PC_AGE,A,2012,40.3864,,-2.9278,48089178.33,-0.088117229
ESP,Spain,EDUTRY,25_34,PC_AGE,A,2013,41.0896,,-1.7057,48056735.82,-0.000674632
ESP,Spain,EDUTRY,25_34,PC_AGE,A,2014,41.4774,,1.3800,53069339,0.104305944
ESP,Spain,EDUTRY,25_34,PC_AGE,A,2015,40.9598,,3.4323,60564041,0.14122471
ESP,Spain,EDUTRY,25_34,PC_AGE,A,2016,40.9809,,3.2745,66674868,0.100898601
ESP,Spain,EDUTRY,25_34,PC_AGE,A,2017,42.6447,,3.0517,71908522,0.078495154
SWE,Sweden,EDUTRY,25_34,PC_AGE,A,1998,30.7263,,#N/A,11877700,NA
SWE,Sweden,EDUTRY,25_34,PC_AGE,A,1999,31.7401,,4.5302,12917600,0.08755062
SWE,Sweden,EDUTRY,25_34,PC_AGE,A,2000,33.6393,,4.7353,13354314,0.033807673
SWE,Sweden,EDUTRY,25_34,PC_AGE,A,2001,36.8828,,1.5634,13123426,-0.017289394
SWE,Sweden,EDUTRY,25_34,PC_AGE,A,2002,39.1690,,2.0736,12421220,-0.053507826
SWE,Sweden,EDUTRY,25_34,PC_AGE,A,2003,40.4385,,2.3857,11586025,-0.067239369
SWE,Sweden,EDUTRY,25_34,PC_AGE,A,2004,42.3022,,4.3205,11623925,0.003271182
SWE,Sweden,EDUTRY,25_34,PC_AGE,A,2005,37.2865,,2.8183,0,-1
SWE,Sweden,EDUTRY,25_34,PC_AGE,A,2006,39.1311,,4.6881,0,#DIV/0!
SWE,Sweden,EDUTRY,25_34,PC_AGE,A,2007,39.9520,,3.4050,0,#DIV/0!
SWE,Sweden,EDUTRY,25_34,PC_AGE,A,2008,40.8315,,-0.5571,0,#DIV/0!
SWE,Sweden,EDUTRY,25_34,PC_AGE,A,2009,42.3511,,-5.1847,0,#DIV/0!
SWE,Sweden,EDUTRY,25_34,PC_AGE,A,2010,42.2313,,5.9889,0,#DIV/0!
SWE,Sweden,EDUTRY,25_34,PC_AGE,A,2011,42.8660,,2.6644,0,#DIV/0!
SWE,Sweden,EDUTRY,25_34,PC_AGE,A,2012,43.4739,,-0.2863,0,#DIV/0!
SWE,Sweden,EDUTRY,25_34,PC_AGE,A,2013,44.8179,,1.2412,0,#DIV/0!
SWE,Sweden,EDUTRY,25_34,PC_AGE,A,2014,45.9781,,2.6043,0,#DIV/0!
SWE,Sweden,EDUTRY,25_34,PC_AGE,A,2015,46.4089,,4.5220,0,#DIV/0!
SWE,Sweden,EDUTRY,25_34,PC_AGE,A,2016,47.2157,,3.2349,0,#DIV/0!
SWE,Sweden,EDUTRY,25_34,PC_AGE,A,2017,47.3883,,2.2881,0,#DIV/0!
CHE,Switzerland,EDUTRY,25_34,PC_AGE,A,1998,24.9647,,#N/A,14298900,NA
CHE,Switzerland,EDUTRY,25_34,PC_AGE,A,1999,25.9200,,1.6947,16209000,0.133583702
CHE,Switzerland,EDUTRY,25_34,PC_AGE,A,2000,25.5711,,3.9368,17268093,0.065339811
CHE,Switzerland,EDUTRY,25_34,PC_AGE,A,2001,25.6082,,1.3124,16914823,-0.020457963
CHE,Switzerland,EDUTRY,25_34,PC_AGE,A,2002,26.7016,,0.1626,13295500,-0.213973448
CHE,Switzerland,EDUTRY,25_34,PC_AGE,A,2003,29.2364,,0.0396,10118096,-0.238983415
CHE,Switzerland,EDUTRY,25_34,PC_AGE,A,2004,30.4144,,2.7762,9287315,-0.082108432
CHE,Switzerland,EDUTRY,25_34,PC_AGE,A,2005,31.0382,,3.1153,9662619,0.040410388
CHE,Switzerland,EDUTRY,25_34,PC_AGE,A,2006,32.2291,,3.9886,10647142,0.101889871
CHE,Switzerland,EDUTRY,25_34,PC_AGE,A,2007,35.0226,,4.1119,12298456,0.155094578
CHE,Switzerland,EDUTRY,25_34,PC_AGE,A,2008,38.4826,,2.1547,14352757,0.167037309
CHE,Switzerland,EDUTRY,25_34,PC_AGE,A,2009,39.9798,,-2.2221,14701206,0.024277496
CHE,Switzerland,EDUTRY,25_34,PC_AGE,A,2010,37.4055,,3.0027,22146864,0.506465796
CHE,Switzerland,EDUTRY,25_34,PC_AGE,A,2011,38.0163,,1.6928,24866065,0.122780408
CHE,Switzerland,EDUTRY,25_34,PC_AGE,A,2012,39.2605,,1.0060,26386306.6,0.061137201
CHE,Switzerland,EDUTRY,25_34,PC_AGE,A,2013,41.8915,,1.8520,27503416,0.042336709
CHE,Switzerland,EDUTRY,25_34,PC_AGE,A,2014,44.2143,,2.4492,27923164,0.015261668
CHE,Switzerland,EDUTRY,25_34,PC_AGE,A,2015,46.5026,,1.2264,27011762,-0.032639639
CHE,Switzerland,EDUTRY,25_34,PC_AGE,A,2016,48.8447,,1.3759,25859918,-0.042642313
CHE,Switzerland,EDUTRY,25_34,PC_AGE,A,2017,50.1367,,1.0868,26737536,0.033937385
TUR,Turkey,EDUTRY,25_34,PC_AGE,A,1998,7.8393,,#N/A,9949300,NA
TUR,Turkey,EDUTRY,25_34,PC_AGE,A,1999,8.7134,,-3.3893,10097300,0.014875418
TUR,Turkey,EDUTRY,25_34,PC_AGE,A,2000,8.8802,,6.6401,12187891,0.207044556
TUR,Turkey,EDUTRY,25_34,PC_AGE,A,2001,9.1435,,-5.9623,10603908,-0.129963666
TUR,Turkey,EDUTRY,25_34,PC_AGE,A,2002,10.4919,,6.4303,10686877,0.007824379
TUR,Turkey,EDUTRY,25_34,PC_AGE,A,2003,11.3894,,5.6083,10745444,0.005480273
TUR,Turkey,EDUTRY,25_34,PC_AGE,A,2004,11.4815,,9.6443,14275835,0.328547708
TUR,Turkey,EDUTRY,25_34,PC_AGE,A,2005,12.5081,,9.0099,16943828,0.186888753
TUR,Turkey,EDUTRY,25_34,PC_AGE,A,2006,13.4596,,7.1097,19361415,0.142682456
TUR,Turkey,EDUTRY,25_34,PC_AGE,A,2007,14.1995,,5.0305,22895275,0.182520751
TUR,Turkey,EDUTRY,25_34,PC_AGE,A,2008,15.4631,,0.8453,25505092,0.113989327
TUR,Turkey,EDUTRY,25_34,PC_AGE,A,2009,16.6394,,-4.7045,31339441,0.228752321
TUR,Turkey,EDUTRY,25_34,PC_AGE,A,2010,17.4474,,8.4874,45665249,0.457117534
TUR,Turkey,EDUTRY,25_34,PC_AGE,A,2011,18.8730,,11.1135,53500303,0.171575852
TUR,Turkey,EDUTRY,25_34,PC_AGE,A,2012,20.9983,,4.7899,63350312,0.184111275
TUR,Turkey,EDUTRY,25_34,PC_AGE,A,2013,22.4567,,8.4913,74413804.62,0.174639907
TUR,Turkey,EDUTRY,25_34,PC_AGE,A,2014,24.7934,,5.1667,84574844,0.136547774
TUR,Turkey,EDUTRY,25_34,PC_AGE,A,2015,27.5174,,6.0859,96604665,0.142238761
TUR,Turkey,EDUTRY,25_34,PC_AGE,A,2016,30.4566,,3.1838,100366461,0.038940107
TUR,Turkey,EDUTRY,25_34,PC_AGE,A,2017,31.5887,,7.4186,107917326,0.075232951
GBR,United Kingdom of Great Britain and Northern Ireland,EDUTRY,25_34,PC_AGE,A,1998,25.9881,,#N/A,61940200,NA
GBR,United Kingdom of Great Britain and Northern Ireland,EDUTRY,25_34,PC_AGE,A,1999,27.6819,,3.2167,65738296,0.061318756
GBR,United Kingdom of Great Britain and Northern Ireland,EDUTRY,25_34,PC_AGE,A,2000,28.9017,,3.6641,70436030,0.071461146
GBR,United Kingdom of Great Britain and Northern Ireland,EDUTRY,25_34,PC_AGE,A,2001,30.0667,,2.5441,70331725,-0.001480847
GBR,United Kingdom of Great Britain and Northern Ireland,EDUTRY,25_34,PC_AGE,A,2002,31.4105,,2.4579,72381196,0.029140064
GBR,United Kingdom of Great Britain and Northern Ireland,EDUTRY,25_34,PC_AGE,A,2003,33.3217,,3.3259,76388660,0.055366093
GBR,United Kingdom of Great Britain and Northern Ireland,EDUTRY,25_34,PC_AGE,A,2004,34.8971,,2.3645,86054762,0.126538442
GBR,United Kingdom of Great Britain and Northern Ireland,EDUTRY,25_34,PC_AGE,A,2005,35.3454,,3.0961,93602879,0.08771295
GBR,United Kingdom of Great Britain and Northern Ireland,EDUTRY,25_34,PC_AGE,A,2006,41.8297,,2.4560,97544631,0.04211144
GBR,United Kingdom of Great Britain and Northern Ireland,EDUTRY,25_34,PC_AGE,A,2007,43.0843,,2.3567,101622807,0.041808308
GBR,United Kingdom of Great Britain and Northern Ireland,EDUTRY,25_34,PC_AGE,A,2008,43.3379,,-0.4725,104713553,0.030413901
GBR,United Kingdom of Great Britain and Northern Ireland,EDUTRY,25_34,PC_AGE,A,2009,45.2837,,-4.1878,102464509,-0.02147806
GBR,United Kingdom of Great Britain and Northern Ireland,EDUTRY,25_34,PC_AGE,A,2010,46.0469,,1.6946,101515720.2,-0.009259682
GBR,United Kingdom of Great Britain and Northern Ireland,EDUTRY,25_34,PC_AGE,A,2011,46.9108,,1.4526,111598546.1,0.099322804
GBR,United Kingdom of Great Britain and Northern Ireland,EDUTRY,25_34,PC_AGE,A,2012,47.8608,,1.4813,115419920.6,0.034242152
GBR,United Kingdom of Great Britain and Northern Ireland,EDUTRY,25_34,PC_AGE,A,2013,48.3136,,2.0524,118605866,0.027603081
GBR,United Kingdom of Great Britain and Northern Ireland,EDUTRY,25_34,PC_AGE,A,2014,49.1860,,3.0543,124901676.1,0.053081776
GBR,United Kingdom of Great Britain and Northern Ireland,EDUTRY,25_34,PC_AGE,A,2015,49.9434,,2.3459,131512994,0.05293218
GBR,United Kingdom of Great Britain and Northern Ireland,EDUTRY,25_34,PC_AGE,A,2016,51.7754,,1.9358,143781714,0.093289033
GBR,United Kingdom of Great Britain and Northern Ireland,EDUTRY,25_34,PC_AGE,A,2017,51.6249,,1.7872,151867276,0.056234981
USA,United States of America,EDUTRY,25_34,PC_AGE,A,1998,36.1958,,#N/A,588170880,NA
USA,United States of America,EDUTRY,25_34,PC_AGE,A,1999,37.3689,,4.6852,634364608,0.078537938
USA,United States of America,EDUTRY,25_34,PC_AGE,A,2000,38.0840,,4.0922,665327414,0.048809164
USA,United States of America,EDUTRY,25_34,PC_AGE,A,2001,38.7176,,0.9760,622187846,-0.064839607
USA,United States of America,EDUTRY,25_34,PC_AGE,A,2002,39.3366,,1.7861,598410415,-0.03821584
USA,United States of America,EDUTRY,25_34,PC_AGE,A,2003,38.6528,,2.8068,588997110,-0.015730517
USA,United States of America,EDUTRY,25_34,PC_AGE,A,2004,39.0420,,3.7857,678110608,0.151297004
USA,United States of America,EDUTRY,25_34,PC_AGE,A,2005,39.3634,,3.3452,720547738,0.062581428
USA,United States of America,EDUTRY,25_34,PC_AGE,A,2006,39.2393,,2.6666,725530965,0.006915887
USA,United States of America,EDUTRY,25_34,PC_AGE,A,2007,40.3864,,1.7786,744302310,0.025872562
USA,United States of America,EDUTRY,25_34,PC_AGE,A,2008,41.5649,,-0.2916,701779551,-0.057131032
USA,United States of America,EDUTRY,25_34,PC_AGE,A,2009,41.0563,,-2.7755,679423408,-0.031856361
USA,United States of America,EDUTRY,25_34,PC_AGE,A,2010,42.3110,,2.5319,720497000,0.060453602
USA,United States of America,EDUTRY,25_34,PC_AGE,A,2011,43.1330,,1.6015,730796000,0.0142943
USA,United States of America,EDUTRY,25_34,PC_AGE,A,2012,44.0426,,2.2240,736699000,0.008077494
USA,United States of America,EDUTRY,25_34,PC_AGE,A,2013,44.7795,,1.6773,743171000,0.008785135
USA,United States of America,EDUTRY,25_34,PC_AGE,A,2014,45.6638,,2.5692,762710000,0.026291392
USA,United States of America,EDUTRY,25_34,PC_AGE,A,2015,46.5177,,2.8616,798222000,0.046560292
USA,United States of America,EDUTRY,25_34,PC_AGE,A,2016,47.5218,,1.4853,824039000,0.032343133
USA,United States of America,EDUTRY,25_34,PC_AGE,A,2017,47.7570,,2.2733,849403000,0.030780097
ARG,Argentina,EDUTRY,25_34,PC_AGE,A,2017,18.3889,,2.8639,18308373,NA
BRA,Brazil,EDUTRY,25_34,PC_AGE,A,2007,10.0354,,6.0604,45286990,NA
BRA,Brazil,EDUTRY,25_34,PC_AGE,A,2008,11.0007,,5.0909,58763225,0.297574094
BRA,Brazil,EDUTRY,25_34,PC_AGE,A,2009,11.5756,,-0.1258,67945578,0.156260195
BRA,Brazil,EDUTRY,25_34,PC_AGE,A,2011,12.7425,,3.9853,87860363,0.293099059
BRA,Brazil,EDUTRY,25_34,PC_AGE,A,2012,14.5114,,1.9331,94752568,0.078444987
BRA,Brazil,EDUTRY,25_34,PC_AGE,A,2013,15.2918,,3.0103,95591641,0.008855412
BRA,Brazil,EDUTRY,25_34,PC_AGE,A,2014,16.2766,,0.5082,100403628,0.050338994
BRA,Brazil,EDUTRY,25_34,PC_AGE,A,2015,16.6282,,-3.5498,102039359,0.016291553
CHL,Chile,EDUTRY,25_34,PC_AGE,A,2009,21.6467,,-1.5642,8097314,NA
CHL,Chile,EDUTRY,25_34,PC_AGE,A,2011,22.4839,,6.1109,10949863,0.352283362
CHL,Chile,EDUTRY,25_34,PC_AGE,A,2013,27.2725,,4.0450,13806283,0.260863538
CHL,Chile,EDUTRY,25_34,PC_AGE,A,2015,29.8746,,2.3053,15006762,0.086951644
CHN,China,EDUTRY,25_34,PC_AGE,A,2010,17.9488,,10.6361,266293020,NA
EST,Estonia,EDUTRY,25_34,PC_AGE,A,1998,29.3500,,#N/A,297400,NA
EST,Estonia,EDUTRY,25_34,PC_AGE,A,1999,28.5898,,-0.8565,302000,0.015467384
EST,Estonia,EDUTRY,25_34,PC_AGE,A,2000,28.7214,,10.5681,277595,-0.080811258
EST,Estonia,EDUTRY,25_34,PC_AGE,A,2001,27.2864,,6.3287,277768,0.00062321
EST,Estonia,EDUTRY,25_34,PC_AGE,A,2002,26.2338,,6.0764,304135,0.094924541
EST,Estonia,EDUTRY,25_34,PC_AGE,A,2003,27.3679,,7.4162,395485,0.300360037
EST,Estonia,EDUTRY,25_34,PC_AGE,A,2004,27.5642,,6.2948,509556,0.28843319
EST,Estonia,EDUTRY,25_34,PC_AGE,A,2005,32.9120,,9.3737,577808,0.133944061
EST,Estonia,EDUTRY,25_34,PC_AGE,A,2006,34.4189,,10.2719,598123,0.035158738
EST,Estonia,EDUTRY,25_34,PC_AGE,A,2007,34.3823,,7.7482,651323,0.088944916
EST,Estonia,EDUTRY,25_34,PC_AGE,A,2008,35.7469,,-5.4195,685582,0.052599094
EST,Estonia,EDUTRY,25_34,PC_AGE,A,2009,36.6449,,-14.7244,395532,-0.423071201
EST,Estonia,EDUTRY,25_34,PC_AGE,A,2010,38.0101,,2.2591,582320.2028,0.472245489
EST,Estonia,EDUTRY,25_34,PC_AGE,A,2011,38.9278,,7.5973,614933,0.056004922
EST,Estonia,EDUTRY,25_34,PC_AGE,A,2012,40.0800,,4.3073,914519,0.487184783
EST,Estonia,EDUTRY,25_34,PC_AGE,A,2013,40.4398,,1.9365,627588,-0.313750726
EST,Estonia,EDUTRY,25_34,PC_AGE,A,2014,40.4216,,2.8907,602880,-0.039369778
EST,Estonia,EDUTRY,25_34,PC_AGE,A,2015,40.5085,,1.6743,512389,-0.150097864
EST,Estonia,EDUTRY,25_34,PC_AGE,A,2016,41.0481,,2.0633,372274,-0.273454348
EST,Estonia,EDUTRY,25_34,PC_AGE,A,2017,43.0412,,4.8541,13103,-0.964802807
IND,India,EDUTRY,25_34,PC_AGE,A,2011,13.8996,,6.6384,73996912,NA
IDN,Indonesia,EDUTRY,25_34,PC_AGE,A,2004,10.6071,,5.0309,26780550,NA
IDN,Indonesia,EDUTRY,25_34,PC_AGE,A,2005,6.0907,,5.6926,26835524,0.002052758
IDN,Indonesia,EDUTRY,25_34,PC_AGE,A,2006,7.2119,,5.5010,29867483,0.112983037
IDN,Indonesia,EDUTRY,25_34,PC_AGE,A,2007,8.3086,,6.3450,30405918,0.018027465
IDN,Indonesia,EDUTRY,25_34,PC_AGE,A,2008,7.8547,,6.0137,29766093,-0.021042779
IDN,Indonesia,EDUTRY,25_34,PC_AGE,A,2009,9.0848,,4.6289,27421235,-0.078776143
IDN,Indonesia,EDUTRY,25_34,PC_AGE,A,2010,9.6604,,6.2239,59384361.61,1.165634101
IDN,Indonesia,EDUTRY,25_34,PC_AGE,A,2011,10.2751,,6.1698,70912258.11,0.194123439
IDN,Indonesia,EDUTRY,25_34,PC_AGE,A,2012,11.4569,,6.0301,79405799.81,0.119775366
IDN,Indonesia,EDUTRY,25_34,PC_AGE,A,2013,11.9328,,5.5573,81721356,0.029161046
IDN,Indonesia,EDUTRY,25_34,PC_AGE,A,2014,12.4455,,5.0067,85215879.51,0.042761448
IDN,Indonesia,EDUTRY,25_34,PC_AGE,A,2015,13.7341,,4.8763,90095131,0.057257538
IDN,Indonesia,EDUTRY,25_34,PC_AGE,A,2016,15.0664,,5.0333,99274010,0.101879856
IDN,Indonesia,EDUTRY,25_34,PC_AGE,A,2017,16.1300,,5.0677,110252913,0.110591916
ISR,Israel,EDUTRY,25_34,PC_AGE,A,2002,40.7456,,0.1618,3708138,NA
ISR,Israel,EDUTRY,25_34,PC_AGE,A,2003,41.9540,,0.7676,3677879,-0.00816016
ISR,Israel,EDUTRY,25_34,PC_AGE,A,2005,42.9279,,4.1335,4392448,0.194288338
ISR,Israel,EDUTRY,25_34,PC_AGE,A,2007,41.5479,,5.7736,4662615,0.06150716
ISR,Israel,EDUTRY,25_34,PC_AGE,A,2008,42.2849,,2.9884,4563041,-0.021355827
ISR,Israel,EDUTRY,25_34,PC_AGE,A,2009,42.9210,,1.3816,4605452,0.00929446
ISR,Israel,EDUTRY,25_34,PC_AGE,A,2010,44.2162,,5.2239,5084798,0.104082292
ISR,Israel,EDUTRY,25_34,PC_AGE,A,2011,45.0423,,4.6578,5151469,0.013111829
ISR,Israel,EDUTRY,25_34,PC_AGE,A,2012,44.4985,,1.9425,5381980,0.044746654
ISR,Israel,EDUTRY,25_34,PC_AGE,A,2013,44.8488,,4.1112,5565864,0.034166608
ISR,Israel,EDUTRY,25_34,PC_AGE,A,2014,46.0055,,3.4101,5886728,0.057648552
ISR,Israel,EDUTRY,25_34,PC_AGE,A,2015,45.8979,,3.0379,6331198,0.075503743
ISR,Israel,EDUTRY,25_34,PC_AGE,A,2016,47.4492,,4.0943,6866472,0.084545453
ISR,Israel,EDUTRY,25_34,PC_AGE,A,2017,48.0283,,3.3316,7065040,0.02891849
RUS,Russian Federation,EDUTRY,25_34,PC_AGE,A,2010,52.5371,,4.5037,43855539,NA
RUS,Russian Federation,EDUTRY,25_34,PC_AGE,A,2011,53.2683,,5.2849,50555805,0.152780382
RUS,Russian Federation,EDUTRY,25_34,PC_AGE,A,2012,53.5341,,3.6559,58727125,0.161629708
RUS,Russian Federation,EDUTRY,25_34,PC_AGE,A,2013,54.6691,,1.7854,64072322,0.091017515
RUS,Russian Federation,EDUTRY,25_34,PC_AGE,A,2014,55.6485,,0.7386,72189961,0.12669494
RUS,Russian Federation,EDUTRY,25_34,PC_AGE,A,2015,56.2855,,-2.8282,76846126,0.064498788
RUS,Russian Federation,EDUTRY,25_34,PC_AGE,A,2016,57.5791,,-0.2249,77458318,0.007966465
SAU,Saudi Arabia,EDUTRY,25_34,PC_AGE,A,2014,25.7627,,3.6525,32269452,NA
SVN,Slovenia,EDUTRY,25_34,PC_AGE,A,2000,19.3017,,4.1554,627907,NA
SVN,Slovenia,EDUTRY,25_34,PC_AGE,A,2002,19.6808,,3.8363,720513,0.147483624
SVN,Slovenia,EDUTRY,25_34,PC_AGE,A,2003,23.6639,,2.8421,758392,0.052572264
SVN,Slovenia,EDUTRY,25_34,PC_AGE,A,2004,24.8683,,4.3518,764991,0.008701305
SVN,Slovenia,EDUTRY,25_34,PC_AGE,A,2005,24.6865,,4.0030,757651,-0.009594884
SVN,Slovenia,EDUTRY,25_34,PC_AGE,A,2006,27.0046,,5.6560,860735,0.136057367
SVN,Slovenia,EDUTRY,25_34,PC_AGE,A,2007,30.0668,,6.9417,945420,0.098386844
SVN,Slovenia,EDUTRY,25_34,PC_AGE,A,2008,30.0413,,3.3001,1103685,0.16740179
SVN,Slovenia,EDUTRY,25_34,PC_AGE,A,2009,30.3839,,-7.7973,953378,-0.136186502
SVN,Slovenia,EDUTRY,25_34,PC_AGE,A,2010,31.3077,,1.2378,979803,0.027717233
SVN,Slovenia,EDUTRY,25_34,PC_AGE,A,2011,33.8153,,0.6494,972711,-0.00723819
SVN,Slovenia,EDUTRY,25_34,PC_AGE,A,2012,35.3401,,-2.6696,816630,-0.160459787
SVN,Slovenia,EDUTRY,25_34,PC_AGE,A,2013,37.3936,,-1.1321,857000,0.049434873
SVN,Slovenia,EDUTRY,25_34,PC_AGE,A,2014,38.0802,,2.9792,916981,0.069989498
SVN,Slovenia,EDUTRY,25_34,PC_AGE,A,2015,40.7585,,2.2589,1045409,0.140055247
SVN,Slovenia,EDUTRY,25_34,PC_AGE,A,2016,42.9774,,3.1484,1009559,-0.034292798
SVN,Slovenia,EDUTRY,25_34,PC_AGE,A,2017,44.5670,,5.0008,1087075,0.07678204
ZAF,South Africa,EDUTRY,25_34,PC_AGE,A,2008,3.4325,,3.1911,13135437,NA
ZAF,South Africa,EDUTRY,25_34,PC_AGE,A,2009,3.3636,,-1.5381,12503629,-0.048099504
ZAF,South Africa,EDUTRY,25_34,PC_AGE,A,2010,3.5694,,3.0398,15781210,0.262130378
ZAF,South Africa,EDUTRY,25_34,PC_AGE,A,2011,3.7585,,3.2842,16407784.96,0.03970386
ZAF,South Africa,EDUTRY,25_34,PC_AGE,A,2012,3.9812,,2.2134,17571565.2,0.070928541
ZAF,South Africa,EDUTRY,25_34,PC_AGE,A,2013,5.0131,,2.4852,16311250,-0.071724698
ZAF,South Africa,EDUTRY,25_34,PC_AGE,A,2014,5.2137,,1.8470,17026643.22,0.043858884
ZAF,South Africa,EDUTRY,25_34,PC_AGE,A,2015,5.4170,,1.2795,18882898,0.109020595
ZAF,South Africa,EDUTRY,25_34,PC_AGE,A,2016,5.4060,,0.5654,19744932,0.045651573
ZAF,South Africa,EDUTRY,25_34,PC_AGE,A,2017,6.0092,,1.3201,20821044,0.054500669
LVA,Latvia,EDUTRY,25_34,PC_AGE,A,1999,16.4816,,2.6190,196200,NA
LVA,Latvia,EDUTRY,25_34,PC_AGE,A,2000,17.2921,,5.4069,278396,0.418939857
LVA,Latvia,EDUTRY,25_34,PC_AGE,A,2001,16.5612,,6.4613,255392,-0.082630498
LVA,Latvia,EDUTRY,25_34,PC_AGE,A,2002,17.2575,,7.1030,264991,0.037585359
LVA,Latvia,EDUTRY,25_34,PC_AGE,A,2003,18.4897,,8.4307,339747,0.282107694
LVA,Latvia,EDUTRY,25_34,PC_AGE,A,2004,19.7415,,8.3356,593662,0.747364951
LVA,Latvia,EDUTRY,25_34,PC_AGE,A,2005,21.7334,,10.6970,1032128,0.738578518
LVA,Latvia,EDUTRY,25_34,PC_AGE,A,2006,23.0186,,11.8894,1409620,0.365741458
LVA,Latvia,EDUTRY,25_34,PC_AGE,A,2007,25.6884,,9.9793,1344912,-0.04590457
LVA,Latvia,EDUTRY,25_34,PC_AGE,A,2008,28.8196,,-3.5476,1371810,0.019999822
LVA,Latvia,EDUTRY,25_34,PC_AGE,A,2009,31.6286,,-14.4017,1301848,-0.050999774
LVA,Latvia,EDUTRY,25_34,PC_AGE,A,2010,34.6976,,-3.9407,3158051,1.425821601
LVA,Latvia,EDUTRY,25_34,PC_AGE,A,2011,35.1064,,6.3810,3299391,0.044755452
LVA,Latvia,EDUTRY,25_34,PC_AGE,A,2012,38.7242,,4.0346,2888683,-0.124479942
LVA,Latvia,EDUTRY,25_34,PC_AGE,A,2013,40.7004,,2.4299,2754720,-0.046375113
LVA,Latvia,EDUTRY,25_34,PC_AGE,A,2014,39.4367,,1.8582,2636612.759,-0.042874499
LVA,Latvia,EDUTRY,25_34,PC_AGE,A,2015,39.8704,,2.9717,2527368,-0.041433752
LVA,Latvia,EDUTRY,25_34,PC_AGE,A,2016,42.0973,,2.2088,2843133,0.124938276
LVA,Latvia,EDUTRY,25_34,PC_AGE,A,2017,41.6089,,4.5493,3441024,0.210293011
COL,Colombia,EDUTRY,25_34,PC_AGE,A,2014,27.7357,,4.3936,28675159,NA
COL,Colombia,EDUTRY,25_34,PC_AGE,A,2015,27.4460,,3.0520,30909723,0.077926822
COL,Colombia,EDUTRY,25_34,PC_AGE,A,2016,28.0745,,2.0431,32262658,0.043770531
COL,Colombia,EDUTRY,25_34,PC_AGE,A,2017,28.1066,,1.7681,32506882,0.007569866
LTU,Lithuania,EDUTRY,25_34,PC_AGE,A,2000,39.7392,,3.8317,283836,NA
LTU,Lithuania,EDUTRY,25_34,PC_AGE,A,2005,36.8827,,7.7274,505409,0.78063741
LTU,Lithuania,EDUTRY,25_34,PC_AGE,A,2006,38.8632,,7.4064,429657,-0.14988257
LTU,Lithuania,EDUTRY,25_34,PC_AGE,A,2007,38.8864,,11.0870,423585,-0.014132203
LTU,Lithuania,EDUTRY,25_34,PC_AGE,A,2008,41.5942,,2.6281,609847,0.439727564
LTU,Lithuania,EDUTRY,25_34,PC_AGE,A,2009,43.7241,,-14.8142,616514,0.01093225
LTU,Lithuania,EDUTRY,25_34,PC_AGE,A,2010,46.3174,,1.6398,81450,-0.867886212
LTU,Lithuania,EDUTRY,25_34,PC_AGE,A,2011,48.2138,,6.0431,69445,-0.147391037
LTU,Lithuania,EDUTRY,25_34,PC_AGE,A,2012,48.5773,,3.8270,592996,7.539074087
LTU,Lithuania,EDUTRY,25_34,PC_AGE,A,2013,50.4875,,3.4986,1009728,0.702756848
LTU,Lithuania,EDUTRY,25_34,PC_AGE,A,2014,52.5522,,3.5376,1274911,0.262628153
LTU,Lithuania,EDUTRY,25_34,PC_AGE,A,2015,54.7696,,2.0347,1363946,0.069836247
LTU,Lithuania,EDUTRY,25_34,PC_AGE,A,2016,54.9260,,2.3449,1046012,-0.233098671
LTU,Lithuania,EDUTRY,25_34,PC_AGE,A,2017,55.6260,,3.8289,1069268,0.022233015
CRI,Costa Rica,EDUTRY,25_34,PC_AGE,A,1998,18.1584,,#N/A,1169500,NA
CRI,Costa Rica,EDUTRY,25_34,PC_AGE,A,1999,18.9847,,3.9434,1055300,-0.097648568
CRI,Costa Rica,EDUTRY,25_34,PC_AGE,A,2000,17.5374,,3.7345,877833,-0.168167346
CRI,Costa Rica,EDUTRY,25_34,PC_AGE,A,2001,19.1354,,3.4905,737895,-0.159413009
CRI,Costa Rica,EDUTRY,25_34,PC_AGE,A,2002,21.2472,,3.2918,675146,-0.085037844
CRI,Costa Rica,EDUTRY,25_34,PC_AGE,A,2003,21.3510,,4.2555,749885,0.1107005
CRI,Costa Rica,EDUTRY,25_34,PC_AGE,A,2004,23.3049,,4.3366,901402,0.202053648
CRI,Costa Rica,EDUTRY,25_34,PC_AGE,A,2005,24.0504,,3.8709,953217,0.057482677
CRI,Costa Rica,EDUTRY,25_34,PC_AGE,A,2006,24.1815,,7.2377,943143,-0.010568423
CRI,Costa Rica,EDUTRY,25_34,PC_AGE,A,2007,25.4515,,8.1679,1017054,0.078366695
CRI,Costa Rica,EDUTRY,25_34,PC_AGE,A,2008,25.6106,,4.6496,1023665,0.006500147
CRI,Costa Rica,EDUTRY,25_34,PC_AGE,A,2009,29.0299,,-0.9706,932581,-0.088978328
CRI,Costa Rica,EDUTRY,25_34,PC_AGE,A,2010,26.1317,,4.9519,1697893.889,0.82063959
CRI,Costa Rica,EDUTRY,25_34,PC_AGE,A,2011,25.6509,,4.3071,1829514.947,0.077520191
CRI,Costa Rica,EDUTRY,25_34,PC_AGE,A,2012,28.8635,,4.7969,1770111.378,-0.032469573
CRI,Costa Rica,EDUTRY,25_34,PC_AGE,A,2013,28.2754,,2.2690,1498996,-0.153162892
CRI,Costa Rica,EDUTRY,25_34,PC_AGE,A,2014,28.7045,,3.5153,1427414,-0.047753296
CRI,Costa Rica,EDUTRY,25_34,PC_AGE,A,2015,28.3316,,3.6317,1525922,0.069011513
CRI,Costa Rica,EDUTRY,25_34,PC_AGE,A,2016,28.9229,,4.1564,1572605,0.030593307
CRI,Costa Rica,EDUTRY,25_34,PC_AGE,A,2017,28.0041,,3.1918,1822880,0.159146766
G20,#N/A,EDUTRY,25_34,PC_AGE,A,2010,34.3764,,#N/A,#N/A,#N/A
G20,#N/A,EDUTRY,25_34,PC_AGE,A,2011,33.5481,,#N/A,#N/A,#N/A
